,Students ID,Name,Gender,University
0,2012000042,Xian Tian,Male,Fudan University
1,2012000067,Ruijing Luo,Male,Shanghai Jiao Tong University
2,2012000156,Ling Gong,Male,Fudan University
3,2012000497,Chuyan Zhu,Female,Shanghai Jiao Tong University
4,2012000805,Peng Shi,Male,Fudan University
5,2012000986,Xuezheng Yuan,Female,Shanghai Jiao Tong University
6,2012001021,Jiayu Tang,Female,Shanghai Jiao Tong University
7,2012001208,Guokun Peng,Male,Fudan University
8,2012001247,Jian Liu,Male,Shanghai Jiao Tong University
9,2012001407,Shuyun Yan,Female,Fudan University
10,2012001458,Yunxuan Jiang,Male,Shanghai Jiao Tong University
11,2012001522,Qiang Gao,Male,Shanghai Jiao Tong University
12,2012001571,Mei Yang,Male,Fudan University
13,2012001639,Jun'en Shu,Male,Fudan University
14,2012001662,Yuchen Luo,Male,Fudan University
15,2012001696,Qianru Zhuang,Female,Shanghai Jiao Tong University
16,2012001748,Jiayan Pan,Male,Shanghai Jiao Tong University
17,2012001869,Yuting Zheng,Male,Fudan University
18,2012001906,Youcan Shu,Male,Shanghai Jiao Tong University
19,2012001924,Gaojie Shen,Female,Fudan University
20,2012001988,Qianhong Guo,Female,Shanghai Jiao Tong University
21,2012002405,Huang Fang,Male,Shanghai Jiao Tong University
22,2012002510,Ling Lyu,Male,Fudan University
23,2012002648,Ruiying Cao,Male,Shanghai Jiao Tong University
24,2012003049,Ling Gong,Male,Fudan University
25,2012003164,Baifeng Luo,Female,Fudan University
26,2012003190,Xueshi Lin,Male,Shanghai Jiao Tong University
27,2012003195,Yiyuan Luo,Female,Shanghai Jiao Tong University
28,2012003430,Yuxi Xu,Male,Fudan University
29,2012003552,Miaoru Cao,Female,Fudan University
30,2012003557,Jiamei Zhao,Female,Shanghai Jiao Tong University
31,2012003666,Fangbo Yuan,Female,Fudan University
32,2012004278,Xianmei Xu,Female,Shanghai Jiao Tong University
33,2012004404,Jinting Huang,Female,Shanghai Jiao Tong University
34,2012004458,Yixiao Shi,Male,Fudan University
35,2012004549,Xuan Gong,Male,Fudan University
36,2012004669,Yuhan Xia,Female,Shanghai Jiao Tong University
37,2012004836,Yuxuan Tian,Male,Fudan University
38,2012005028,Jiayin Lang,Female,Shanghai Jiao Tong University
39,2012005209,Ling Lu,Male,Shanghai Jiao Tong University
40,2012005263,Ruoqian Fan,Female,Fudan University
41,2012005381,Ruolin Gao,Female,Shanghai Jiao Tong University
42,2012005493,Yuting Yan,Male,Fudan University
43,2012005516,Ling Yan,Male,Fudan University
44,2012005569,Yihong Gong,Male,Fudan University
45,2012005655,Shu Shui,Male,Fudan University
46,2012005693,Yizhu Peng,Male,Shanghai Jiao Tong University
47,2012005815,Jiaying Qian,Female,Fudan University
48,2012006736,Chuyan Qu,Female,Shanghai Jiao Tong University
49,2012007398,Lian Gao,Male,Fudan University
50,2012007499,Shu Peng,Male,Shanghai Jiao Tong University
51,2012007625,Yuqi Shi,Female,Shanghai Jiao Tong University
52,2012008297,Qingning Cao,Female,Shanghai Jiao Tong University
53,2012008464,Shu He,Male,Shanghai Jiao Tong University
54,2012008797,Yunxi Wu,Female,Shanghai Jiao Tong University
55,2012008872,Peng Xia,Male,Fudan University
56,2012008905,Ruoyun Ji,Female,Fudan University
57,2012009173,Yixia Gong,Female,Shanghai Jiao Tong University
58,2012009279,Gaojie Gao,Female,Fudan University
59,2012009318,Manniu Zheng,Female,Fudan University
60,2012009538,Yangyue Zhong,Female,Shanghai Jiao Tong University
61,2012009562,Xiaoyao Luo,Female,Fudan University
62,2012009974,Kaili Zhu,Female,Shanghai Jiao Tong University
63,2012010000,Yun Jiang,Male,Shanghai Jiao Tong University
64,2012010088,Li Yan,Female,Fudan University
65,2012010154,Mei Liu,Male,Shanghai Jiao Tong University
66,2012010386,Ling Shen,Male,Fudan University
67,2012010407,Yayuan Lin,Female,Fudan University
68,2012010590,Hongting Wang,Female,Fudan University
69,2012010595,Ling You,Male,Shanghai Jiao Tong University
70,2012010626,Shuyue Zhang,Female,Fudan University
71,2012010964,Huiying Miao,Female,Shanghai Jiao Tong University
72,2012011038,Xiaoyan Liu,Male,Shanghai Jiao Tong University
73,2012011258,Yun Xia,Male,Fudan University
74,2012011679,Xue Wang,Male,Fudan University
75,2012011697,Ling Wu,Male,Shanghai Jiao Tong University
76,2012011731,Yuqi He,Female,Shanghai Jiao Tong University
77,2012011799,Jiaxuan Wang,Male,Shanghai Jiao Tong University
78,2012011840,Guofei Yun,Male,Shanghai Jiao Tong University
79,2012011865,Xuezheng Zhou,Female,Fudan University
80,2012012111,Ling Xu,Male,Fudan University
81,2012012508,Zhiyuan Wang,Male,Shanghai Jiao Tong University
82,2012012528,Wuying Guo,Male,Shanghai Jiao Tong University
83,2012012573,Zihao Xu,Male,Shanghai Jiao Tong University
84,2012012598,Congli Guan,Male,Fudan University
85,2012013033,Xier Ding,Female,Shanghai Jiao Tong University
86,2012013132,Hao Gao,Male,Fudan University
87,2012013464,Huadong Gao,Male,Fudan University
88,2012013603,Yun Ji,Male,Fudan University
89,2012013630,Xue Zhuo,Male,Fudan University
90,2012013703,Peiqin Yan,Female,Shanghai Jiao Tong University
91,2012014038,Huangxuan Yuan,Male,Shanghai Jiao Tong University
92,2012014157,Guokun Hao,Male,Fudan University
93,2012014286,Haoyan Zhu,Female,Shanghai Jiao Tong University
94,2012014350,Mengfan Huang,Female,Fudan University
95,2012014514,Xing Shen,Male,Fudan University
96,2012014617,Xier Zhou,Female,Shanghai Jiao Tong University
97,2012014872,Youqin Li,Female,Shanghai Jiao Tong University
98,2012014987,Huang Yang,Male,Fudan University
99,2012015070,Yuyan Xu,Female,Shanghai Jiao Tong University
100,2012015594,Mei Lin,Male,Shanghai Jiao Tong University
101,2012015595,Xilan Peng,Female,Fudan University
102,2012015675,Shicui Ji,Female,Shanghai Jiao Tong University
103,2012015701,Bangxiao Peng,Male,Fudan University
104,2012015737,Xiaoyi Guan,Female,Fudan University
105,2012016002,Huan Mo,Male,Shanghai Jiao Tong University
106,2012016696,Yingxue Zhuang,Male,Fudan University
107,2012017014,Lieying Wu,Female,Fudan University
108,2012017139,Jing Luo,Male,Shanghai Jiao Tong University
109,2012017198,Mengfan He,Female,Fudan University
110,2012017219,Peng He,Male,Shanghai Jiao Tong University
111,2012017512,Xuan Lin,Male,Fudan University
112,2012017571,Qianru Zhao,Female,Fudan University
113,2012018020,Bingzhen Zhu,Female,Shanghai Jiao Tong University
114,2012018641,Jingting Ji,Female,Fudan University
115,2012019043,Jing Zhuang,Male,Fudan University
116,2012019213,Haowen Zhao,Female,Fudan University
117,2012019295,Xuan Cao,Male,Shanghai Jiao Tong University
118,2012019322,Haoyan Ji,Female,Fudan University
119,2012019762,Jinlong Lin,Male,Fudan University
120,2012019784,Ling Zhang,Male,Fudan University
121,2012020051,Hanzi Wei,Female,Shanghai Jiao Tong University
122,2012020178,Ling Sun,Male,Fudan University
123,2012020261,Ruiqiu Zhang,Female,Shanghai Jiao Tong University
124,2012020336,Fang Zhuang,Male,Fudan University
125,2012020383,Ruixian Xia,Female,Shanghai Jiao Tong University
126,2012020591,Tianzhuo Liu,Male,Fudan University
127,2012020711,Rongli Peng,Female,Fudan University
128,2012020815,Xue Wang,Male,Shanghai Jiao Tong University
129,2012021770,Guokun Zhang,Male,Shanghai Jiao Tong University
130,2012021777,Zhen Peng,Male,Shanghai Jiao Tong University
131,2012022056,Jing Wu,Male,Shanghai Jiao Tong University
132,2012022073,Xier Yan,Female,Shanghai Jiao Tong University
133,2012022481,Junting Gong,Female,Fudan University
134,2012022659,Liu Gao,Male,Fudan University
135,2012023013,Ling Song,Male,Fudan University
136,2012023078,Zhanlan Chu,Female,Fudan University
137,2012023277,Zixuan Yang,Female,Fudan University
138,2012023659,Qingmiao You,Female,Shanghai Jiao Tong University
139,2012023843,Yun Tang,Male,Shanghai Jiao Tong University
140,2012023933,Yuyue Zhang,Female,Shanghai Jiao Tong University
141,2012024223,Jianyue Huang,Female,Fudan University
142,2012024511,Mei Zhang,Male,Fudan University
143,2012024555,Yi Han,Male,Shanghai Jiao Tong University
144,2012024578,Huang Wu,Male,Shanghai Jiao Tong University
145,2012025257,Qingning Peng,Female,Shanghai Jiao Tong University
146,2012025274,Zhanxia Xu,Female,Fudan University
147,2012025295,Ziang Lyu,Male,Shanghai Jiao Tong University
148,2012025300,Yuyan Yi,Female,Fudan University
149,2012025355,Zichun Gong,Male,Shanghai Jiao Tong University
150,2012025466,Yanping Lu,Female,Shanghai Jiao Tong University
151,2012025496,Yanping Guan,Female,Shanghai Jiao Tong University
152,2012025634,Guanying Li,Female,Fudan University
153,2012026069,Yanhong Zhao,Female,Fudan University
154,2012026104,Wenna Pan,Female,Fudan University
155,2012026190,Hongting Xia,Female,Fudan University
156,2012026322,Shu Gao,Male,Fudan University
157,2012026415,Yuhan Guo,Female,Fudan University
158,2012026422,Ling Peng,Male,Shanghai Jiao Tong University
159,2012026569,Baixue Yan,Female,Shanghai Jiao Tong University
160,2012026590,Xiaomin Jiang,Female,Fudan University
161,2012026901,Yanting Liu,Female,Shanghai Jiao Tong University
162,2012026930,Yining Luo,Female,Fudan University
163,2012026998,Xuan Ji,Male,Fudan University
164,2012027000,Guanying Qin,Female,Shanghai Jiao Tong University
165,2012027111,Yiling Jiang,Female,Fudan University
166,2012027150,Jiang Yan,Male,Shanghai Jiao Tong University
167,2012027243,Qingji Bai,Female,Shanghai Jiao Tong University
168,2012027439,Zixuan Lin,Male,Fudan University
169,2012027980,Yu Xie,Male,Shanghai Jiao Tong University
170,2012028041,Ling Ji,Male,Shanghai Jiao Tong University
171,2012028067,Huang Ji,Male,Fudan University
172,2012028116,Gaojie He,Female,Fudan University
173,2012028222,Ling Xia,Male,Shanghai Jiao Tong University
174,2012028224,Yankai Yi,Female,Fudan University
175,2012028489,Xuan Jiang,Male,Fudan University
176,2012028526,Liling Tian,Female,Fudan University
177,2012028576,Yayuan Gao,Female,Fudan University
178,2012028619,Manying Zhou,Female,Shanghai Jiao Tong University
179,2012028714,Zhihong Shen,Male,Shanghai Jiao Tong University
180,2012028867,Xuexiao Fang,Male,Shanghai Jiao Tong University
181,2012028894,Zhanxia Qian,Female,Fudan University
182,2012028927,Ling Liu,Male,Shanghai Jiao Tong University
183,2012028955,Huiwen Guan,Female,Fudan University
184,2012029024,Jiaxin Zhuang,Female,Shanghai Jiao Tong University
185,2012029393,Fang Chen,Male,Fudan University
186,2012029405,Li Shen,Female,Fudan University
187,2012029433,Huang'en Wu,Male,Shanghai Jiao Tong University
188,2012029582,Miaoru Zhu,Female,Fudan University
189,2012030327,Shu Zhao,Male,Fudan University
190,2012030523,Mei Zhou,Male,Fudan University
191,2012030666,Xuan Lu,Male,Fudan University
192,2012030762,Jie Zhang,Male,Fudan University
193,2012030916,Huang Luo,Male,Fudan University
194,2012031044,Xieche Li,Female,Fudan University
195,2012031112,Feng Shen,Male,Fudan University
196,2012031541,Huang Wu,Male,Fudan University
197,2012031578,Ling Fan,Male,Fudan University
198,2012031874,Zhan Ying Zheng,Female,Fudan University
199,2012032024,Jiahao Yan,Male,Shanghai Jiao Tong University
200,2012032322,Guanyuan Zhu,Female,Shanghai Jiao Tong University
201,2012032365,Ziyao Gao,Male,Shanghai Jiao Tong University
202,2012032395,Jiayu Gao,Female,Shanghai Jiao Tong University
203,2012032521,Jinxin Yan,Male,Fudan University
204,2012032619,Xiaoying Shen,Male,Shanghai Jiao Tong University
205,2012032633,Liling Bai,Female,Shanghai Jiao Tong University
206,2012032657,Miaoqing Guo,Male,Shanghai Jiao Tong University
207,2012033021,Baifeng Wu,Female,Shanghai Jiao Tong University
208,2012033251,Jing Ji,Male,Shanghai Jiao Tong University
209,2012033506,Zitong Zhu,Female,Fudan University
210,2012034254,Xue Ji,Male,Fudan University
211,2012034467,Ruiying Guo,Male,Fudan University
212,2012034470,Huang Tao,Male,Shanghai Jiao Tong University
213,2012034540,Jie Tian,Male,Fudan University
214,2012034575,Yuqi Xu,Female,Fudan University
215,2012034758,Yangyue Yan,Female,Fudan University
216,2012034773,Ling Liu,Male,Shanghai Jiao Tong University
217,2012034953,Jiayi Ji,Female,Fudan University
218,2012035096,Yan Tian,Female,Fudan University
219,2012035501,Xiangli Peng,Female,Shanghai Jiao Tong University
220,2012035519,Hai'e Zhuang,Female,Fudan University
221,2012035695,Leping Yi,Female,Shanghai Jiao Tong University
222,2012036086,Biqiong Wu,Female,Fudan University
223,2012036092,Huiwen Luo,Female,Fudan University
224,2012036195,Yixuan Luo,Male,Shanghai Jiao Tong University
225,2012036302,Lujun Ji,Female,Fudan University
226,2012036456,Yuxin Ding,Male,Shanghai Jiao Tong University
227,2012036983,Xiaoqing Chu,Male,Shanghai Jiao Tong University
228,2012036998,Zhanxia Zhuang,Female,Fudan University
229,2012037108,Xiaoyan Kong,Male,Fudan University
230,2012037621,Jing Huang,Male,Fudan University
231,2012038005,Taifang Huang,Female,Fudan University
232,2012038057,Zhuoying Liu,Female,Fudan University
233,2012038403,Youan Xie,Female,Fudan University
234,2012038477,Yueping Ji,Female,Shanghai Jiao Tong University
235,2012038491,Ling Zhu,Female,Fudan University
236,2012038527,Ling Lin,Male,Fudan University
237,2012038568,Yining Miao,Female,Fudan University
238,2012038742,Yangyue Gao,Female,Shanghai Jiao Tong University
239,2012039202,Lujun Zhu,Female,Shanghai Jiao Tong University
240,2012039378,Biqiong Tao,Female,Shanghai Jiao Tong University
241,2012039842,Qiuqiao Shen,Female,Fudan University
242,2012040142,Yongna Liu,Female,Fudan University
243,2012040310,Jing Xu,Male,Fudan University
244,2012040788,Hong Peng,Male,Fudan University
245,2012040886,Jiaru Yan,Female,Fudan University
246,2012041366,Yanyun Chang,Female,Fudan University
247,2012041379,Shiyun Yang,Male,Fudan University
248,2012041584,Jiayin Liu,Female,Shanghai Jiao Tong University
249,2012041794,Yueping Jin,Female,Shanghai Jiao Tong University
250,2012042225,Fangbo Shen,Female,Shanghai Jiao Tong University
251,2012042237,Zhiyuan Zhou,Male,Shanghai Jiao Tong University
252,2012042282,Qiuqiao Jiang,Female,Shanghai Jiao Tong University
253,2012042340,Jiayi Han,Female,Shanghai Jiao Tong University
254,2012042436,Manniu Liu,Female,Fudan University
255,2012042455,Xiaona Xu,Female,Fudan University
256,2012043004,Chuyan Zhao,Female,Fudan University
257,2012043108,Qiang He,Male,Fudan University
258,2012043140,Ruijing Cao,Male,Shanghai Jiao Tong University
259,2012043334,Jiang Luo,Male,Fudan University
260,2012043470,Huiwen Kong,Female,Shanghai Jiao Tong University
261,2012043597,Tianci Qi,Male,Shanghai Jiao Tong University
262,2012043664,Yaohui Zhen,Male,Shanghai Jiao Tong University
263,2012043679,Yingxue Wang,Male,Shanghai Jiao Tong University
264,2012043828,Xiancan Yan,Female,Fudan University
265,2012043948,Haoyan Zhang,Female,Fudan University
266,2012044017,Jiayi Shu,Female,Shanghai Jiao Tong University
267,2012044034,Zhuoyan Zou,Female,Shanghai Jiao Tong University
268,2012044037,Ling Peng,Male,Shanghai Jiao Tong University
269,2012044266,Huang Kong,Male,Fudan University
270,2012044384,Yuan Luo,Male,Fudan University
271,2012044502,Qiuxiang Jiang,Female,Shanghai Jiao Tong University
272,2012044610,Ji Zhou,Male,Fudan University
273,2012044620,Kaiying Zhang,Female,Fudan University
274,2012044662,Shangyuan Kong,Female,Shanghai Jiao Tong University
275,2012044688,Yuanxuan Ji,Male,Shanghai Jiao Tong University
276,2012044715,Liu Bai,Male,Shanghai Jiao Tong University
277,2012044942,Shu Li,Male,Fudan University
278,2012044962,Jia Jiang,Male,Shanghai Jiao Tong University
279,2012045450,Ling Gao,Male,Fudan University
280,2012045459,Yuanqian Zhuang,Male,Fudan University
281,2012045712,Youqin Yang,Female,Shanghai Jiao Tong University
282,2012046054,Xuan Tang,Male,Fudan University
283,2012046219,Haoyu Jiang,Male,Fudan University
284,2012046692,Ling Liu,Male,Fudan University
285,2012046705,Xiaoxi Zhu,Female,Fudan University
286,2012046967,Qiming Luo,Male,Fudan University
287,2012047123,Xue Zhang,Male,Shanghai Jiao Tong University
288,2012047154,Huiwen Zhuang,Female,Shanghai Jiao Tong University
289,2012047192,Jing Lyu,Male,Shanghai Jiao Tong University
290,2012047437,Yuchen Tang,Male,Shanghai Jiao Tong University
291,2012047483,Ziyi Wang,Female,Shanghai Jiao Tong University
292,2012047653,Liling He,Female,Shanghai Jiao Tong University
293,2012047809,Xier Wang,Female,Fudan University
294,2012048048,Ziyi Wei,Female,Fudan University
295,2012048394,Yuyan He,Female,Shanghai Jiao Tong University
296,2012048493,Baixuan Li,Female,Fudan University
297,2012048563,Jinting Wang,Female,Fudan University
298,2012048640,Qingji Huang,Female,Shanghai Jiao Tong University
299,2012048678,Ling Fang,Male,Shanghai Jiao Tong University
300,2012048835,Jiajia Xu,Male,Shanghai Jiao Tong University
301,2012048960,Keyan Luo,Female,Shanghai Jiao Tong University
302,2012049232,Jiaxin Wu,Female,Fudan University
303,2012049395,Wenna Lin,Female,Fudan University
304,2012049470,Jianhua Xia,Male,Shanghai Jiao Tong University
305,2012049494,Jiayi Guo,Female,Shanghai Jiao Tong University
306,2012049673,Zhuoyan Jiang,Female,Shanghai Jiao Tong University
307,2012049684,Zhanfang Wang,Female,Fudan University
308,2012049856,Shuyue Yang,Female,Shanghai Jiao Tong University
309,2012049884,Jiayin Yi,Female,Fudan University
310,2012050210,Zixuan Zhu,Male,Shanghai Jiao Tong University
311,2012050242,Hanzi Zhao,Female,Fudan University
312,2012050566,Yue Tian,Male,Shanghai Jiao Tong University
313,2012050652,Xiaoxi Zeng,Female,Fudan University
314,2012050661,Xiao Ji,Male,Shanghai Jiao Tong University
315,2012050695,Zhen Zeng,Male,Shanghai Jiao Tong University
316,2012051031,Jianyue Peng,Female,Shanghai Jiao Tong University
317,2012051127,Ling Gao,Male,Fudan University
318,2012051196,Ruolin Liu,Female,Shanghai Jiao Tong University
319,2012051323,Ziang Dou,Male,Fudan University
320,2012051446,Jianlin Wu,Male,Fudan University
321,2012051649,Yuanxuan Jiang,Male,Fudan University
322,2012051728,Yunyin Qin,Female,Shanghai Jiao Tong University
323,2012051870,Youqin Ji,Female,Fudan University
324,2012052092,Ling Gao,Male,Shanghai Jiao Tong University
325,2012052318,Yueping Tang,Female,Shanghai Jiao Tong University
326,2012052352,Fang Guan,Male,Fudan University
327,2012052476,Chang'e Wang,Female,Shanghai Jiao Tong University
328,2012052658,Jiamei Han,Female,Fudan University
329,2012052689,Xiyue Jiang,Female,Fudan University
330,2012052759,Huailai Feng,Female,Fudan University
331,2012052889,Yue Miao,Male,Shanghai Jiao Tong University
332,2012053043,Tianyi Wu,Male,Shanghai Jiao Tong University
333,2012053284,Xiaona Bai,Female,Shanghai Jiao Tong University
334,2012053492,Ziyang Fu,Male,Fudan University
335,2012053526,Jing Ji,Male,Shanghai Jiao Tong University
336,2012053649,Huang Yu,Male,Fudan University
337,2012053852,Haowen Tian,Female,Fudan University
338,2012054100,Weina Li,Female,Shanghai Jiao Tong University
339,2012054304,Yuanrong Shen,Female,Shanghai Jiao Tong University
340,2012054322,Ling Meng,Male,Shanghai Jiao Tong University
341,2012054590,Shihan Liu,Female,Fudan University
342,2012054709,Jiayi Guan,Female,Shanghai Jiao Tong University
343,2012055345,Ruihan Hua,Female,Fudan University
344,2012055584,Yunxuan Zhang,Female,Fudan University
345,2012055636,Mei Shui,Male,Fudan University
346,2012055653,Zhan Ying Zhang,Female,Shanghai Jiao Tong University
347,2012055746,Chang'e Luo,Female,Shanghai Jiao Tong University
348,2012055949,Ling Ding,Male,Shanghai Jiao Tong University
349,2012056062,Guofei Zhuang,Male,Shanghai Jiao Tong University
350,2012056672,Xuan Tian,Male,Shanghai Jiao Tong University
351,2012056763,Qingjia Jiang,Female,Fudan University
352,2012056783,Jiaxin Luo,Male,Shanghai Jiao Tong University
353,2012056834,Xiyun Jing,Female,Fudan University
354,2012056867,Wenna Luo,Female,Shanghai Jiao Tong University
355,2012057006,Xiaoyao Zhu,Female,Shanghai Jiao Tong University
356,2012057025,Ming Jiang,Male,Shanghai Jiao Tong University
357,2012057042,Shihan Ji,Female,Fudan University
358,2012057122,Zichun Cao,Male,Shanghai Jiao Tong University
359,2012057482,Xiaoqing Zhu,Male,Fudan University
360,2012057625,Jing Zhao,Male,Shanghai Jiao Tong University
361,2012057674,Kaili Zhu,Female,Shanghai Jiao Tong University
362,2012057918,Ling Peng,Male,Fudan University
363,2012057953,Xiaofeng Tian,Female,Shanghai Jiao Tong University
364,2012058054,Yuexuan Yan,Male,Fudan University
365,2012058448,Jiajia Zhuang,Male,Fudan University
366,2012058637,Huang Ji,Male,Shanghai Jiao Tong University
367,2012058761,Luocheng Xu,Male,Fudan University
368,2012058878,Qiuwen Wang,Female,Shanghai Jiao Tong University
369,2012058933,Yanping Zeng,Female,Shanghai Jiao Tong University
370,2012059029,Xiancan Chu,Female,Shanghai Jiao Tong University
371,2012059076,Yuyan Shi,Female,Fudan University
372,2012059333,Xiaoying Jiang,Male,Shanghai Jiao Tong University
373,2012059356,Xingxian Wang,Female,Fudan University
374,2012059498,Yi Liu,Male,Shanghai Jiao Tong University
375,2012059574,Xilan Yan,Female,Fudan University
376,2012059798,Jiayu Wu,Female,Fudan University
377,2012059984,Zhuoying Tang,Female,Fudan University
378,2012060011,Chuyan Han,Female,Shanghai Jiao Tong University
379,2012060134,Jiang Wang,Male,Fudan University
380,2012060138,Ruoqian Fang,Female,Fudan University
381,2012060161,Zixuan Han,Female,Shanghai Jiao Tong University
382,2012060251,Ling Shen,Female,Fudan University
383,2012060405,Ruoqian Han,Female,Fudan University
384,2012060776,Shu Miao,Male,Shanghai Jiao Tong University
385,2012060820,Gaojie Zhuo,Female,Fudan University
386,2012060913,Chenxuan Ji,Male,Shanghai Jiao Tong University
387,2012061377,Zhiyuan Jiang,Male,Fudan University
388,2012061573,Jiamei Zhou,Female,Fudan University
389,2012061659,Jing Luo,Male,Fudan University
390,2012061908,Xuan Guan,Male,Shanghai Jiao Tong University
391,2012061958,Qin Cao,Male,Fudan University
392,2012062137,Qiuwen Gao,Female,Shanghai Jiao Tong University
393,2012062313,Zhen Huang,Male,Shanghai Jiao Tong University
394,2012062418,Huang Yang,Male,Fudan University
395,2012062576,Xuan Cao,Male,Shanghai Jiao Tong University
396,2012062626,Qingjia He,Female,Shanghai Jiao Tong University
397,2012062759,Yi Pan,Male,Fudan University
398,2012062908,Qingrun Qin,Female,Shanghai Jiao Tong University
399,2012062942,Jun'en He,Male,Fudan University
400,2012062959,Ying Huang,Male,Shanghai Jiao Tong University
401,2012062974,Qiuqiao Wu,Female,Fudan University
402,2012063185,Bingjie Cao,Male,Shanghai Jiao Tong University
403,2012063194,Haizhi Fu,Female,Shanghai Jiao Tong University
404,2012063257,Qiuwen Yun,Female,Shanghai Jiao Tong University
405,2012063299,Fang Wu,Male,Fudan University
406,2012063381,Yiling Zhou,Female,Fudan University
407,2012063580,Huang Qin,Male,Shanghai Jiao Tong University
408,2012063846,Yuanxuan Xu,Male,Shanghai Jiao Tong University
409,2012064705,Lizhi Hao,Female,Shanghai Jiao Tong University
410,2012064793,Xiaoyao Zhu,Female,Fudan University
411,2012064802,Yixian Tian,Male,Fudan University
412,2012064857,Ling Miao,Male,Shanghai Jiao Tong University
413,2012064966,Citeng Huang,Female,Shanghai Jiao Tong University
414,2012065143,Xuezheng Feng,Female,Fudan University
415,2012065165,Mei Yang,Male,Fudan University
416,2012065215,Hongting Ji,Female,Fudan University
417,2012065271,Yan Ji,Female,Fudan University
418,2012065342,Shuoyi Gao,Male,Shanghai Jiao Tong University
419,2012065394,Haoyan Peng,Female,Shanghai Jiao Tong University
420,2012065502,Xuan Luo,Male,Shanghai Jiao Tong University
421,2012065773,Biqiong Liu,Female,Shanghai Jiao Tong University
422,2012065782,Xiaoxi Huang,Female,Fudan University
423,2012066213,Shu Lin,Male,Shanghai Jiao Tong University
424,2012066689,Zi Luo,Male,Shanghai Jiao Tong University
425,2012066818,Qingrun Ji,Female,Fudan University
426,2012066995,Miaoru Tian,Female,Shanghai Jiao Tong University
427,2012067328,Jinghui Zhang,Male,Fudan University
428,2012067348,Yuanrong Miao,Female,Fudan University
429,2012067433,Jiayan Xiong,Male,Fudan University
430,2012067518,Qiuwen Shi,Female,Fudan University
431,2012067598,Biqiong Yan,Female,Shanghai Jiao Tong University
432,2012067619,Ling Peng,Male,Shanghai Jiao Tong University
433,2012067966,Zhonghui Huang,Male,Shanghai Jiao Tong University
434,2012067982,Huang Yi,Male,Shanghai Jiao Tong University
435,2012068068,Jia Lang,Male,Fudan University
436,2012068084,Zhihong Zhuang,Male,Fudan University
437,2012068269,Biqiong Zheng,Female,Shanghai Jiao Tong University
438,2012068292,Meiyu Yi,Male,Fudan University
439,2012068435,Zhanjuan Luo,Female,Shanghai Jiao Tong University
440,2012068664,Qianhong Wang,Female,Shanghai Jiao Tong University
441,2012068760,Jianyue Yi,Female,Shanghai Jiao Tong University
442,2012069043,Shu Jiang,Male,Fudan University
443,2012069191,Jin Su,Male,Fudan University
444,2012069357,Leijuan Huang,Female,Shanghai Jiao Tong University
445,2012069463,Yixiao Ji,Male,Fudan University
446,2012069535,Xiyun Zhou,Female,Shanghai Jiao Tong University
447,2012069546,Fangbo Hao,Female,Fudan University
448,2012069710,Yuefeng Liu,Male,Shanghai Jiao Tong University
449,2012069965,Ling Han,Male,Shanghai Jiao Tong University
450,2012069990,Yuanxuan Chen,Male,Shanghai Jiao Tong University
451,2012070084,Yaohui Zhu,Male,Fudan University
452,2012070095,Zhuoying Wang,Female,Fudan University
453,2012070156,Haowen Dou,Female,Fudan University
454,2012070230,Hui Tang,Male,Shanghai Jiao Tong University
455,2012070305,Dunyan Xi,Male,Shanghai Jiao Tong University
456,2012070454,Jiang Shen,Male,Fudan University
457,2012070456,Bangxiao Ji,Male,Shanghai Jiao Tong University
458,2012070925,Ling Zhu,Male,Shanghai Jiao Tong University
459,2012070978,Xian Zhuang,Male,Shanghai Jiao Tong University
460,2012070990,Hai'e Tian,Female,Shanghai Jiao Tong University
461,2012071022,Zijin Gong,Male,Fudan University
462,2012071221,Yankai Zhuang,Female,Fudan University
463,2012071222,Ying Zhou,Male,Shanghai Jiao Tong University
464,2012071296,Shubin Gong,Male,Shanghai Jiao Tong University
465,2012071470,Huang Dou,Male,Fudan University
466,2012071838,Jiajia Lyu,Male,Shanghai Jiao Tong University
467,2012071871,Yueping Yuan,Female,Shanghai Jiao Tong University
468,2012072213,Guokun Guan,Male,Fudan University
469,2012072514,Jiaq Miao,Male,Shanghai Jiao Tong University
470,2012072741,Ling Qi,Male,Fudan University
471,2012072847,Zhen Feng,Male,Fudan University
472,2012073177,Qianru Yan,Female,Fudan University
473,2012073277,Qi Wu,Male,Fudan University
474,2012073467,Yanbo Zhuang,Male,Shanghai Jiao Tong University
475,2012073477,Yiqi Huang,Male,Fudan University
476,2012073553,Yueping Tang,Female,Shanghai Jiao Tong University
477,2012073625,Ling Shu,Female,Shanghai Jiao Tong University
478,2012073762,Yuan Li,Male,Shanghai Jiao Tong University
479,2012074078,Dunyan Xia,Male,Fudan University
480,2012074386,Chenxuan Zeng,Male,Shanghai Jiao Tong University
481,2012074735,Youran Xu,Male,Fudan University
482,2012074764,Jingxi Wang,Male,Fudan University
483,2012074932,Huang Shen,Male,Fudan University
484,2012074939,Liu Zhu,Male,Shanghai Jiao Tong University
485,2012075115,Jianlin Zhuo,Male,Fudan University
486,2012075166,Rongli Ji,Female,Fudan University
487,2012075336,Taifang Gong,Female,Fudan University
488,2012075406,Ling Ji,Male,Fudan University
489,2012075511,Xuan Huang,Male,Fudan University
490,2012075555,Youcan Zeng,Male,Shanghai Jiao Tong University
491,2012075606,Xuan Zhuang,Male,Shanghai Jiao Tong University
492,2012075740,Tianyi Ji,Male,Fudan University
493,2012075745,Guofei Zhuang,Male,Fudan University
494,2012075772,Weina Xu,Female,Shanghai Jiao Tong University
495,2012075849,Taiqin Zhao,Female,Shanghai Jiao Tong University
496,2012075975,Ling Guan,Male,Shanghai Jiao Tong University
497,2012076136,Manniu Miao,Female,Fudan University
498,2012076223,Yun Luo,Male,Fudan University
499,2012076410,Yining Gong,Female,Fudan University
500,2012076538,Yun Guan,Male,Fudan University
501,2012076578,Xue Peng,Male,Shanghai Jiao Tong University
502,2012076915,Yuhan Zhou,Female,Shanghai Jiao Tong University
503,2012077294,Shu Cao,Male,Shanghai Jiao Tong University
504,2012077328,Shu Wang,Male,Fudan University
505,2012077419,Yuyan Tang,Female,Shanghai Jiao Tong University
506,2012078117,Manying Wu,Female,Shanghai Jiao Tong University
507,2012078168,Chengying Xi,Female,Shanghai Jiao Tong University
508,2012078176,Yuyue Tian,Female,Shanghai Jiao Tong University
509,2012078214,Jiang Zhou,Male,Shanghai Jiao Tong University
510,2012078683,Yuemei Zhao,Female,Shanghai Jiao Tong University
511,2012078914,Qiuxiang Zhou,Female,Fudan University
512,2012078976,Zhiyuan Xu,Male,Fudan University
513,2012078999,Xuelian Ji,Male,Shanghai Jiao Tong University
514,2012079283,Yuanrong Wu,Female,Shanghai Jiao Tong University
515,2012079476,Zhen Tian,Male,Shanghai Jiao Tong University
516,2012079808,Guokun Ji,Male,Fudan University
517,2012079828,Bing Li,Male,Shanghai Jiao Tong University
518,2012079841,Leping Zhu,Female,Fudan University
519,2012079986,Ling Lin,Male,Shanghai Jiao Tong University
520,2012080201,Hao Liu,Male,Shanghai Jiao Tong University
521,2012080226,Jian Tao,Male,Fudan University
522,2012080239,Hao Peng,Male,Fudan University
523,2012080473,Jingru Wang,Female,Fudan University
524,2012080593,Qingyi Bai,Female,Shanghai Jiao Tong University
525,2012080674,Zijin Guo,Male,Shanghai Jiao Tong University
526,2012080675,Yunxuan Peng,Female,Shanghai Jiao Tong University
527,2012081312,Kaiying Du,Female,Shanghai Jiao Tong University
528,2012081341,Taiqin Yi,Female,Fudan University
529,2012081467,Shusheng Zhu,Male,Fudan University
530,2012081912,Luocheng Hao,Male,Fudan University
531,2012082017,Xiqing Zhang,Female,Shanghai Jiao Tong University
532,2012082037,Yuting Peng,Male,Shanghai Jiao Tong University
533,2012082246,Mei Zhuang,Male,Shanghai Jiao Tong University
534,2012082334,Dunyan Mo,Male,Fudan University
535,2012082650,Guofei Yan,Male,Fudan University
536,2012082954,Yunxi Peng,Female,Fudan University
537,2012082987,Shu Shui,Male,Shanghai Jiao Tong University
538,2012083074,Zeyun Peng,Male,Shanghai Jiao Tong University
539,2012083255,Jinxin Yan,Male,Shanghai Jiao Tong University
540,2012083259,Shu Guan,Male,Fudan University
541,2012083305,Jingxi Tian,Male,Shanghai Jiao Tong University
542,2012083560,Lian Wu,Male,Shanghai Jiao Tong University
543,2012083933,Jieting Sun,Female,Shanghai Jiao Tong University
544,2012084148,Mengfan Peng,Female,Fudan University
545,2012084399,Qianhong Qin,Female,Shanghai Jiao Tong University
546,2012085450,Qingmiao Tian,Female,Fudan University
547,2012085592,Yuan You,Male,Fudan University
548,2012085602,Xiao Shen,Male,Shanghai Jiao Tong University
549,2012085643,Shu Yan,Male,Shanghai Jiao Tong University
550,2012085883,Zidie Zhu,Female,Fudan University
551,2012085920,Fangbo Shen,Female,Shanghai Jiao Tong University
552,2012086005,Qiuwen Liu,Female,Fudan University
553,2012086033,Bobai Liu,Male,Fudan University
554,2012086252,Li Xia,Female,Shanghai Jiao Tong University
555,2012086298,Zihao Jiang,Male,Fudan University
556,2012086666,Ziyi Ji,Female,Shanghai Jiao Tong University
557,2012087008,Yuanjing Zhuang,Male,Shanghai Jiao Tong University
558,2012087147,Congli Hao,Male,Fudan University
559,2012087250,Yun Xu,Male,Fudan University
560,2012087263,Qingjia Peng,Female,Shanghai Jiao Tong University
561,2012087268,Ling Tang,Male,Shanghai Jiao Tong University
562,2012087368,Huang Wu,Male,Fudan University
563,2012087471,Jiang Zhao,Male,Fudan University
564,2012087750,Ling Yang,Male,Shanghai Jiao Tong University
565,2012088581,Qingning Zhang,Female,Shanghai Jiao Tong University
566,2012088875,Tianyi Xu,Male,Shanghai Jiao Tong University
567,2012088946,Yun Zhu,Male,Fudan University
568,2012088976,Mei Qin,Male,Fudan University
569,2012089063,Yunxuan Gao,Male,Shanghai Jiao Tong University
570,2012089070,Zhan Ying Shen,Female,Shanghai Jiao Tong University
571,2012089313,Jinxin Xia,Male,Shanghai Jiao Tong University
572,2012089614,Yunxuan Wei,Female,Shanghai Jiao Tong University
573,2012089665,Zhanjuan Ji,Female,Fudan University
574,2012089978,Xiaotong Guan,Female,Shanghai Jiao Tong University
575,2012090116,Shuna Lu,Female,Shanghai Jiao Tong University
576,2012090284,Jiayin Xu,Female,Shanghai Jiao Tong University
577,2012090287,Xiaomin Gao,Female,Shanghai Jiao Tong University
578,2012090539,Xieche Gong,Female,Fudan University
579,2012090613,Huang Yan,Male,Shanghai Jiao Tong University
580,2012090656,Jing Zhu,Male,Fudan University
581,2012090699,Shihan Guan,Female,Shanghai Jiao Tong University
582,2012090770,Jun'en Zhao,Male,Shanghai Jiao Tong University
583,2012090867,Ruolin Zhu,Female,Fudan University
584,2012091985,Yuhan Wu,Female,Fudan University
585,2012092326,Qiuqiao Wang,Female,Fudan University
586,2012092461,Huang Han,Male,Fudan University
587,2012092631,Xiaotong Tang,Female,Shanghai Jiao Tong University
588,2012092834,Jiayu Han,Female,Shanghai Jiao Tong University
589,2012092898,Tao Shen,Male,Shanghai Jiao Tong University
590,2012093024,Ling Shi,Male,Shanghai Jiao Tong University
591,2012093033,Ruoyun Guan,Female,Fudan University
592,2012093160,Xilan Fang,Female,Fudan University
593,2012093210,Ziming Ji,Male,Fudan University
594,2012093538,Xiangxue Guan,Male,Fudan University
595,2012093824,Xinjie Liu,Female,Fudan University
596,2012093856,Yun Zhu,Male,Fudan University
597,2012093957,Shu Huang,Male,Fudan University
598,2012094056,Shicui Ji,Female,Shanghai Jiao Tong University
599,2012094385,Zhiyuan Gao,Male,Shanghai Jiao Tong University
600,2012094579,Jiayan Zhu,Female,Shanghai Jiao Tong University
601,2012094602,Yuyan Zhu,Female,Shanghai Jiao Tong University
602,2012094631,Jingru Wu,Female,Shanghai Jiao Tong University
603,2012094651,Dunyan Lang,Male,Shanghai Jiao Tong University
604,2012094676,Huang Zhou,Male,Fudan University
605,2012094685,Yuxin Tian,Male,Fudan University
606,2012094807,Huan Ji,Male,Shanghai Jiao Tong University
607,2012095144,Yun Huang,Male,Shanghai Jiao Tong University
608,2012095184,Junting Gao,Female,Fudan University
609,2012095224,Ziang Lin,Male,Shanghai Jiao Tong University
610,2012095265,Zhanlan Jing,Female,Shanghai Jiao Tong University
611,2012095436,Haoran Chen,Male,Shanghai Jiao Tong University
612,2012096000,Jin Shi,Male,Fudan University
613,2012096307,Zhe Wu,Male,Shanghai Jiao Tong University
614,2012096324,Feng Shen,Male,Shanghai Jiao Tong University
615,2012096570,Huang Ji,Male,Fudan University
616,2012096674,Yun Jiang,Male,Shanghai Jiao Tong University
617,2012097096,Weina Jiang,Female,Shanghai Jiao Tong University
618,2012097136,Yun Shen,Male,Fudan University
619,2012097208,Huang Xu,Male,Fudan University
620,2012097388,Fang Cao,Male,Fudan University
621,2012097550,Yun Tian,Male,Shanghai Jiao Tong University
622,2012097795,Lian Ji,Male,Fudan University
623,2012098011,Huijie Zhang,Female,Fudan University
624,2012098021,Ling Han,Male,Shanghai Jiao Tong University
625,2012098476,Yue Yan,Male,Fudan University
626,2012098538,Jin Ying Qiu,Female,Shanghai Jiao Tong University
627,2012098692,Xiaoxi Peng,Female,Fudan University
628,2012098799,Yuyan Ji,Female,Shanghai Jiao Tong University
629,2012098818,Ziy Han,Male,Fudan University
630,2012098861,Xiaotong Chu,Female,Fudan University
631,2012098919,Huiwen Hua,Female,Shanghai Jiao Tong University
632,2012099024,Xuan Liu,Male,Fudan University
633,2012099112,Xiyun Liu,Female,Shanghai Jiao Tong University
634,2012099296,Ling Yan,Female,Fudan University
635,2012099319,Jiayi Zhou,Female,Shanghai Jiao Tong University
636,2012099899,Zien Jiang,Male,Shanghai Jiao Tong University
637,2012099999,Xue Zhao,Male,Fudan University
638,2012100406,Hao Miao,Male,Fudan University
639,2012100844,Jinting Luo,Female,Fudan University
640,2012100846,Xiaotong Miao,Female,Shanghai Jiao Tong University
641,2012100996,Yongna Tang,Female,Fudan University
642,2012101117,Xiyun Yuan,Female,Fudan University
643,2012101180,Ling Ji,Female,Fudan University
644,2012101301,Yuxi Guo,Male,Fudan University
645,2012101332,Yuexuan Jiang,Male,Fudan University
646,2012101607,Shu Zhuang,Male,Shanghai Jiao Tong University
647,2012101744,Shu Yan,Male,Shanghai Jiao Tong University
648,2012101945,Huiwen Shen,Female,Fudan University
649,2012102105,Jiahao Peng,Male,Shanghai Jiao Tong University
650,2012102211,Jinting Wu,Female,Fudan University
651,2012102237,Jiang Yuan,Male,Fudan University
652,2012102315,Yanyu Cao,Female,Shanghai Jiao Tong University
653,2012102425,Jiayu Hua,Female,Fudan University
654,2012102591,Bobai Zhou,Male,Fudan University
655,2012102593,Yueping Wang,Female,Fudan University
656,2012102862,Yun Huang,Male,Fudan University
657,2012103098,Taiqin Chang,Female,Fudan University
658,2012103261,Baixuan Zheng,Female,Fudan University
659,2012103326,Yiyan Huang,Female,Shanghai Jiao Tong University
660,2012103483,Keyan Wang,Female,Fudan University
661,2012103579,Yueping Xie,Female,Fudan University
662,2012103652,Qiming Zhuang,Male,Shanghai Jiao Tong University
663,2012103689,Xuan Xu,Male,Fudan University
664,2012104075,Tingru Yuan,Female,Fudan University
665,2012104158,Shangyuan Shen,Female,Fudan University
666,2012104161,Ziy Lin,Male,Shanghai Jiao Tong University
667,2012104354,Shu Lu,Male,Fudan University
668,2012104953,Yu Tian,Male,Shanghai Jiao Tong University
669,2012105257,Ling Lin,Male,Fudan University
670,2012105294,Boyan Hua,Female,Shanghai Jiao Tong University
671,2012105300,Hongting Yuan,Female,Shanghai Jiao Tong University
672,2012105385,Zhanfang Huang,Female,Shanghai Jiao Tong University
673,2012105485,Baixuan Liu,Female,Shanghai Jiao Tong University
674,2012105549,Jiang He,Male,Fudan University
675,2012105631,Leping Yan,Female,Fudan University
676,2012105647,Xuan Tang,Male,Fudan University
677,2012105726,Lizhi He,Female,Fudan University
678,2012106011,Yuxi Zeng,Male,Shanghai Jiao Tong University
679,2012106160,Yixian Lang,Male,Shanghai Jiao Tong University
680,2012106230,Yizhu Ji,Male,Fudan University
681,2012106295,Qianhong Ji,Female,Shanghai Jiao Tong University
682,2012106397,Ling Ji,Male,Shanghai Jiao Tong University
683,2012106918,Yongna Zhou,Female,Shanghai Jiao Tong University
684,2012107001,Ling Xu,Male,Shanghai Jiao Tong University
685,2012107263,Ziyi Ji,Female,Shanghai Jiao Tong University
686,2012107388,Hai'e Ji,Female,Fudan University
687,2012107468,Zhen He,Male,Shanghai Jiao Tong University
688,2012107909,Zijin Ji,Male,Shanghai Jiao Tong University
689,2012107935,Gaojie Dou,Female,Fudan University
690,2012108133,Yueping Zhuang,Female,Shanghai Jiao Tong University
691,2012108152,Fenren Hao,Male,Shanghai Jiao Tong University
692,2012108495,Jiang Huang,Male,Shanghai Jiao Tong University
693,2012108642,Xiaona Shen,Female,Fudan University
694,2012108975,Xiaofeng Wei,Female,Shanghai Jiao Tong University
695,2012108996,Fangyuan Xu,Male,Shanghai Jiao Tong University
696,2012109093,Huiwen Xu,Female,Fudan University
697,2012109164,Lian Wu,Male,Shanghai Jiao Tong University
698,2012109455,Zhanxia Liu,Female,Fudan University
699,2012109644,Shiyun Lyu,Male,Shanghai Jiao Tong University
700,2012109878,Huan Yang,Male,Fudan University
701,2012109899,Ruixian Zhu,Female,Shanghai Jiao Tong University
702,2012109917,Chihang Liu,Male,Fudan University
703,2012110300,Huang Shen,Male,Shanghai Jiao Tong University
704,2012110322,Ling Yan,Male,Shanghai Jiao Tong University
705,2012110326,Yanping Ji,Female,Shanghai Jiao Tong University
706,2012110813,Li Shen,Female,Fudan University
707,2012111835,Jieting Huang,Female,Shanghai Jiao Tong University
708,2012112130,Bangluo Zhuang,Male,Fudan University
709,2012112144,Xue Zhou,Male,Shanghai Jiao Tong University
710,2012112257,Jiang Tao,Male,Shanghai Jiao Tong University
711,2012112449,Jing Jiang,Male,Shanghai Jiao Tong University
712,2012112495,Ling Wang,Male,Shanghai Jiao Tong University
713,2012112543,Huan Wu,Male,Fudan University
714,2012112691,Yankai Ji,Female,Fudan University
715,2012112838,Wenli Qin,Female,Fudan University
716,2012112900,Jiayan Luo,Male,Shanghai Jiao Tong University
717,2012113070,Huiqiong He,Female,Shanghai Jiao Tong University
718,2012113216,Shu Li,Male,Shanghai Jiao Tong University
719,2012114166,Ling Wu,Male,Shanghai Jiao Tong University
720,2012114270,Huang He,Male,Fudan University
721,2012114418,Jianhua Wang,Male,Fudan University
722,2012114801,Zidie Zhu,Female,Shanghai Jiao Tong University
723,2012114824,Xiaoxue Lang,Male,Fudan University
724,2012114886,Qingyi Chu,Female,Fudan University
725,2012115211,Hongting Huang,Female,Shanghai Jiao Tong University
726,2012115249,Jingru Han,Female,Shanghai Jiao Tong University
727,2012115306,Yuyan Ma,Female,Fudan University
728,2012115990,Xianli Zhou,Female,Shanghai Jiao Tong University
729,2012116004,Xiaona Gao,Female,Shanghai Jiao Tong University
730,2012116058,Jiaxin Pan,Female,Shanghai Jiao Tong University
731,2012116078,Xuezheng Luo,Female,Fudan University
732,2012116207,Ling Wang,Male,Shanghai Jiao Tong University
733,2012116236,Muqing Zhang,Female,Shanghai Jiao Tong University
734,2012116744,Zhuoying Zhuang,Female,Fudan University
735,2012116771,Zhanfang Jiang,Female,Fudan University
736,2012116815,Jinlong Shen,Male,Fudan University
737,2012117045,Huang Jin,Male,Shanghai Jiao Tong University
738,2012117051,Peiqin Wei,Female,Fudan University
739,2012117169,Yixuan Liu,Male,Shanghai Jiao Tong University
740,2012117381,Ling Tao,Male,Shanghai Jiao Tong University
741,2012117530,Jiayu Zhao,Female,Fudan University
742,2012117575,Feng Zhou,Male,Shanghai Jiao Tong University
743,2012117787,Hanzi Guo,Female,Fudan University
744,2012117850,Jieting Zhu,Female,Fudan University
745,2012118041,Zhen Zhang,Male,Shanghai Jiao Tong University
746,2012118101,Yuemei Guo,Female,Shanghai Jiao Tong University
747,2012118182,Haotian Yuan,Male,Shanghai Jiao Tong University
748,2012118292,Qianhong Xu,Female,Shanghai Jiao Tong University
749,2012118521,Jiayan Li,Female,Fudan University
750,2012118767,Zhen Lin,Male,Fudan University
751,2012118889,Xiyun Gong,Female,Fudan University
752,2012118918,Jianjun Liu,Male,Shanghai Jiao Tong University
753,2012119014,Fangbo Jiang,Female,Shanghai Jiao Tong University
754,2012119186,Feng Yang,Male,Fudan University
755,2012119470,Xian Yuan,Male,Fudan University
756,2012119502,Jiayi Zhang,Female,Fudan University
757,2012120031,Huang Xu,Male,Shanghai Jiao Tong University
758,2012120156,Huang Ji,Male,Fudan University
759,2012121110,Lizhi Gong,Female,Shanghai Jiao Tong University
760,2012121306,Huijie Zhang,Female,Shanghai Jiao Tong University
761,2012121426,Yuanrong Feng,Female,Shanghai Jiao Tong University
762,2012121509,Yanping Lin,Female,Fudan University
763,2012121614,Zhihong Lu,Male,Fudan University
764,2012121786,Ling Yuan,Female,Fudan University
765,2012122027,Qianru Ji,Female,Shanghai Jiao Tong University
766,2012122120,Jiang Xu,Male,Shanghai Jiao Tong University
767,2012122281,Liming Guan,Male,Shanghai Jiao Tong University
768,2012122293,Ziyao Wu,Male,Shanghai Jiao Tong University
769,2012122295,Zhanfang Yan,Female,Fudan University
770,2012122311,Jinlong Li,Male,Shanghai Jiao Tong University
771,2012122367,Ling Wu,Male,Shanghai Jiao Tong University
772,2012122390,Leijuan Wu,Female,Fudan University
773,2012122445,Hai'e Zhang,Female,Shanghai Jiao Tong University
774,2012122536,Qiuqiao Yuan,Female,Fudan University
775,2012122658,Zhuoyan Gao,Female,Fudan University
776,2012122686,Zhenping Ji,Female,Shanghai Jiao Tong University
777,2012122737,Ling Yan,Male,Fudan University
778,2012122788,Jiayi Zhuang,Female,Shanghai Jiao Tong University
779,2012122910,Lieying Luo,Female,Shanghai Jiao Tong University
780,2012123739,Ling Yi,Female,Shanghai Jiao Tong University
781,2012123791,Huang Wu,Male,Shanghai Jiao Tong University
782,2012123973,Yuxuan Zhuang,Male,Shanghai Jiao Tong University
783,2012124016,Liming Shen,Male,Shanghai Jiao Tong University
784,2012124106,Zhan Ying Luo,Female,Shanghai Jiao Tong University
785,2012124590,Jiaying Guo,Female,Fudan University
786,2012124680,Taiqin Yang,Female,Shanghai Jiao Tong University
787,2012124938,Yunxi Qin,Female,Fudan University
788,2012125041,Xian Liu,Male,Shanghai Jiao Tong University
789,2012125094,Zhiyuan Jiang,Male,Fudan University
790,2012125097,Huangwei Gong,Male,Fudan University
791,2012125178,You Hao,Male,Shanghai Jiao Tong University
792,2012125180,Xiaomin Qin,Female,Fudan University
793,2012125314,Baixuan Ge,Female,Fudan University
794,2012125626,Yingying Jin,Female,Shanghai Jiao Tong University
795,2012125634,Zhiyuan Ji,Male,Shanghai Jiao Tong University
796,2012125914,Tingru Guan,Female,Fudan University
797,2012125933,Jing Zheng,Male,Fudan University
798,2012125985,Xue Luo,Male,Shanghai Jiao Tong University
799,2012126510,Jing Zhang,Male,Shanghai Jiao Tong University
800,2012126628,Xuan Zhu,Male,Shanghai Jiao Tong University
801,2012126745,Ling Hao,Male,Shanghai Jiao Tong University
802,2012127035,Chang'e Shen,Female,Shanghai Jiao Tong University
803,2012127508,Yongrong Feng,Female,Fudan University
804,2012127601,Zhanlan Shi,Female,Fudan University
805,2012127799,Yifan Wang,Male,Fudan University
806,2012127815,Wenlan Gao,Male,Fudan University
807,2012128118,Leping Wang,Female,Fudan University
808,2012128477,Xuan Shen,Male,Shanghai Jiao Tong University
809,2012128564,Yingxin Xu,Male,Fudan University
810,2012128736,Huang Zhuang,Male,Shanghai Jiao Tong University
811,2012128833,Jiayi Miao,Female,Shanghai Jiao Tong University
812,2012128926,Yankai Zhong,Female,Shanghai Jiao Tong University
813,2012129036,Ruihan Ji,Female,Fudan University
814,2012129409,Ziyi Peng,Female,Fudan University
815,2012129594,Biqiong Gong,Female,Fudan University
816,2012130073,Ziy Zhao,Male,Shanghai Jiao Tong University
817,2012130472,Ling Zhong,Male,Shanghai Jiao Tong University
818,2012130713,Leijuan Mo,Female,Shanghai Jiao Tong University
819,2012130797,Hongting Zhou,Female,Shanghai Jiao Tong University
820,2012130984,Qianhong Zhou,Female,Fudan University
821,2012131075,Yunyin Zhu,Female,Fudan University
822,2012131083,Hongting Luo,Female,Fudan University
823,2012131350,Xuelian Qin,Male,Shanghai Jiao Tong University
824,2012131991,Ruijing Yuan,Male,Fudan University
825,2012132002,Tianci Zhou,Male,Fudan University
826,2012132062,Zizhe Shen,Male,Fudan University
827,2012132066,Zhuoyan Yang,Female,Fudan University
828,2012132584,Feng Qin,Male,Fudan University
829,2012132987,Zhihong Zhou,Male,Fudan University
830,2012133019,Yuhan Peng,Female,Shanghai Jiao Tong University
831,2012133177,Xiqing Han,Female,Shanghai Jiao Tong University
832,2012133302,Yingying Shen,Female,Shanghai Jiao Tong University
833,2012133324,Baixuan Peng,Female,Shanghai Jiao Tong University
834,2012133541,Zien Shui,Male,Fudan University
835,2012134022,Lieying Gao,Female,Fudan University
836,2012134150,Ling Yan,Male,Shanghai Jiao Tong University
837,2012134152,Zhanfang Han,Female,Shanghai Jiao Tong University
838,2012134307,Yunyin Ji,Female,Shanghai Jiao Tong University
839,2012134382,Ruiqiu Xu,Female,Shanghai Jiao Tong University
840,2012134463,Baixue Gao,Female,Fudan University
841,2012134517,Yixia Wang,Female,Shanghai Jiao Tong University
842,2012134666,Jing Wang,Male,Shanghai Jiao Tong University
843,2012134712,Jiayan Ji,Male,Fudan University
844,2012134779,Xianmei Peng,Female,Shanghai Jiao Tong University
845,2012134856,Jiayan Xu,Female,Shanghai Jiao Tong University
846,2012135073,Yanbo Zhou,Male,Fudan University
847,2012135227,Hanzi Luo,Female,Fudan University
848,2012135841,Zhiyuan Lin,Male,Fudan University
849,2012136431,Jiang Zhu,Male,Fudan University
850,2012136944,Zihao Ji,Male,Fudan University
851,2012136992,Gaojie Lin,Female,Fudan University
852,2012137125,Zhanyu Xu,Female,Fudan University
853,2012137207,Zhiyuan Xu,Male,Shanghai Jiao Tong University
854,2012137315,Xing Jiang,Male,Fudan University
855,2012137550,Yiyuan Wei,Female,Shanghai Jiao Tong University
856,2012137590,Mei Jiang,Male,Fudan University
857,2012137654,Ziang Lu,Male,Fudan University
858,2012137663,Zeya Zhuo,Female,Fudan University
859,2012137736,Xianmei Fan,Female,Shanghai Jiao Tong University
860,2012137876,Xueshi Xu,Male,Fudan University
861,2012138438,Qingshu Zhu,Female,Shanghai Jiao Tong University
862,2012138444,Xiyun Ji,Female,Shanghai Jiao Tong University
863,2012138690,Ziang Zeng,Male,Fudan University
864,2012138948,Zhiyuan Gao,Male,Fudan University
865,2012139026,Rongli Ji,Female,Fudan University
866,2012139147,Xuan He,Male,Fudan University
867,2012139367,Yongna Xu,Female,Fudan University
868,2012139454,Yuting Tang,Female,Shanghai Jiao Tong University
869,2012139571,Jinting Xu,Female,Shanghai Jiao Tong University
870,2012139612,Liu Fang,Male,Shanghai Jiao Tong University
871,2012139725,Yongrong Lin,Female,Fudan University
872,2012140112,Zhihong Xu,Male,Fudan University
873,2012140348,Yiyan Gao,Female,Fudan University
874,2012140659,Ruolin Zhu,Female,Fudan University
875,2012140928,Zheng Shu,Male,Shanghai Jiao Tong University
876,2012141008,Guangyuan Yuan,Female,Fudan University
877,2012141136,Qiuqiao Lin,Female,Shanghai Jiao Tong University
878,2012141265,Shu He,Male,Shanghai Jiao Tong University
879,2012141279,Shu Jiang,Male,Shanghai Jiao Tong University
880,2012141361,Tianshuo Tian,Male,Shanghai Jiao Tong University
881,2012141382,Qianru Ji,Female,Shanghai Jiao Tong University
882,2012141628,Baifeng Wu,Female,Fudan University
883,2012141697,Xuan Shen,Male,Fudan University
884,2012142012,Jing Liu,Male,Shanghai Jiao Tong University
885,2012142077,Yongrong Fan,Female,Fudan University
886,2012142257,Jiang Yan,Male,Shanghai Jiao Tong University
887,2012142308,Xiangli Jiang,Female,Fudan University
888,2012142380,Yunxi Xu,Female,Shanghai Jiao Tong University
889,2012142407,Baifeng Liu,Female,Shanghai Jiao Tong University
890,2012143016,Hanzi Xu,Female,Fudan University
891,2012143205,Li Gong,Female,Shanghai Jiao Tong University
892,2012143265,Haizhi Liu,Female,Shanghai Jiao Tong University
893,2012143326,Jiahao Xu,Male,Fudan University
894,2012143371,Huang Tang,Male,Shanghai Jiao Tong University
895,2012143554,Qingning Gao,Female,Fudan University
896,2012143560,Mengfan Wei,Female,Fudan University
897,2012143585,Ling Meng,Male,Fudan University
898,2012143661,Guanyuan Gong,Female,Shanghai Jiao Tong University
899,2012143684,Haizhi Yuan,Female,Fudan University
900,2012143705,Xueshi Wang,Male,Shanghai Jiao Tong University
901,2012143831,Ruixian Huang,Female,Shanghai Jiao Tong University
902,2012144090,Han'en Xi,Male,Shanghai Jiao Tong University
903,2012144219,Huang Zhu,Male,Shanghai Jiao Tong University
904,2012144225,Ziy Wu,Male,Fudan University
905,2012144387,Yueping Wu,Female,Fudan University
906,2012144404,Qinhua Wu,Female,Shanghai Jiao Tong University
907,2012144412,Bingjun Zhu,Male,Fudan University
908,2012144443,Tianzhuo Luo,Male,Fudan University
909,2012144740,Jianguo Cao,Male,Fudan University
910,2012146320,Ling Guan,Male,Fudan University
911,2012146355,Ling Huang,Male,Fudan University
912,2012146431,Xiaofeng Qu,Female,Fudan University
913,2012146481,Huang Shi,Male,Shanghai Jiao Tong University
914,2012146563,Jianyue Ji,Female,Fudan University
915,2012146641,Youan Tao,Female,Shanghai Jiao Tong University
916,2012146660,Rongli Zhao,Female,Fudan University
917,2012146732,Shu Zhuo,Male,Fudan University
918,2012146831,Ling Ji,Male,Shanghai Jiao Tong University
919,2012146858,Xinjie Liu,Female,Shanghai Jiao Tong University
920,2012147446,Zixuan Pan,Male,Fudan University
921,2012147491,Jin Zhuang,Male,Shanghai Jiao Tong University
922,2012147515,Yanyan Yuan,Female,Fudan University
923,2012147764,Ling Jing,Male,Fudan University
924,2012148027,Xiaoxi Peng,Female,Fudan University
925,2012148527,Yunxuan Zhu,Male,Shanghai Jiao Tong University
926,2012148545,Xiaorui Yan,Female,Shanghai Jiao Tong University
927,2012148655,Ling Huang,Male,Fudan University
928,2012149131,Jing He,Male,Fudan University
929,2012149180,Xiaona Ji,Female,Fudan University
930,2012149186,Ling Wang,Male,Fudan University
931,2012149373,Liu Zhuang,Male,Fudan University
932,2012149705,Qiao Peng,Male,Fudan University
933,2012149966,Qiming Ge,Male,Fudan University
934,2012150116,Qinhua Liu,Female,Shanghai Jiao Tong University
935,2012150207,Yujia He,Male,Fudan University
936,2012150273,Rongli Lin,Female,Fudan University
937,2012150881,Yanyun Lin,Female,Shanghai Jiao Tong University
938,2012150969,Xue Gong,Male,Fudan University
939,2012151082,Biqiong Lyu,Female,Fudan University
940,2012151258,Zhanfang Zhen,Female,Shanghai Jiao Tong University
941,2012151276,Chunran Guan,Female,Fudan University
942,2012151488,Qingjia Zhuo,Female,Fudan University
943,2012151555,Peng Peng,Male,Fudan University
944,2012151566,Haoyu Xia,Male,Shanghai Jiao Tong University
945,2012151575,Fangyuan Zhang,Male,Shanghai Jiao Tong University
946,2012151602,Jingxi Yan,Male,Fudan University
947,2012151749,Ruoqian Huang,Female,Fudan University
948,2012151780,Haisen Zhao,Male,Fudan University
949,2012152321,Wenli Xia,Female,Shanghai Jiao Tong University
950,2012152329,Ziyi Wang,Female,Shanghai Jiao Tong University
951,2012152428,Xiaoxi Ji,Female,Shanghai Jiao Tong University
952,2012152579,Huan Guan,Male,Fudan University
953,2012152597,You Liu,Male,Fudan University
954,2012152674,Ruoqian Cao,Female,Shanghai Jiao Tong University
955,2012152728,Haoyan Lin,Female,Fudan University
956,2012152854,Haowen Zhu,Female,Fudan University
957,2012152885,Ling Xu,Male,Fudan University
958,2012153047,Jing Li,Male,Fudan University
959,2012153314,Peng Ji,Male,Fudan University
960,2012153340,Qingshu Qin,Female,Fudan University
961,2012153502,Xiaorui Huang,Female,Shanghai Jiao Tong University
962,2012153664,Yining Zeng,Female,Fudan University
963,2012153810,Yuting Lin,Female,Shanghai Jiao Tong University
964,2012154225,Muqing Han,Female,Fudan University
965,2012154370,Chang'e Yi,Female,Shanghai Jiao Tong University
966,2012154390,Kaili Zhu,Female,Fudan University
967,2012154540,Mengjie Lin,Male,Fudan University
968,2012154591,Fangyuan Xiong,Male,Shanghai Jiao Tong University
969,2012154937,Huangwei Qu,Male,Shanghai Jiao Tong University
970,2012155116,Liling Liu,Female,Fudan University
971,2012155328,Zhixi Shen,Male,Fudan University
972,2012155407,Zhiyuan Guo,Male,Shanghai Jiao Tong University
973,2012155443,Xuan Wu,Male,Shanghai Jiao Tong University
974,2012155709,Ruixian Zhao,Female,Shanghai Jiao Tong University
975,2012155725,Qin Kong,Male,Fudan University
976,2012155756,Huang He,Male,Fudan University
977,2012155897,Jiahao Zhuang,Male,Shanghai Jiao Tong University
978,2012155917,Guangyuan Lu,Female,Shanghai Jiao Tong University
979,2012155918,Lujun Zhou,Female,Shanghai Jiao Tong University
980,2012156032,Qingrun Zhuang,Female,Fudan University
981,2012156261,Liling Gong,Female,Shanghai Jiao Tong University
982,2012156289,Yunxuan Peng,Female,Fudan University
983,2012156592,Jian Wu,Male,Fudan University
984,2012156713,Youcan Gong,Male,Shanghai Jiao Tong University
985,2012156844,Zhanyu Xu,Female,Shanghai Jiao Tong University
986,2012156891,Qin Zhuang,Male,Shanghai Jiao Tong University
987,2012156944,Xing Wu,Male,Fudan University
988,2012157096,Ruiying Zhu,Male,Fudan University
989,2012157150,Jing Yang,Male,Shanghai Jiao Tong University
990,2012157331,Bianheng Fu,Male,Shanghai Jiao Tong University
991,2012157342,Huiying Liu,Female,Shanghai Jiao Tong University
992,2012157346,Yunlong He,Male,Shanghai Jiao Tong University
993,2012157376,Ling Guan,Male,Shanghai Jiao Tong University
994,2012157382,Huiwen Gao,Female,Shanghai Jiao Tong University
995,2012157389,Baixue Tang,Female,Shanghai Jiao Tong University
996,2012157443,Youqin Wu,Female,Fudan University
997,2012157498,Yunxuan Han,Male,Shanghai Jiao Tong University
998,2012158961,Ruihan Zhou,Female,Shanghai Jiao Tong University
999,2012158963,Chunran Ji,Female,Shanghai Jiao Tong University
1000,2012159122,Jin Huang,Male,Fudan University
1001,2012159133,Yuyan Wang,Female,Fudan University
1002,2012159213,Jiaxin Xi,Female,Fudan University
1003,2012159575,Hongting Peng,Female,Shanghai Jiao Tong University
1004,2012159742,Xiqing Han,Female,Fudan University
1005,2012159952,Gonglong Wu,Male,Shanghai Jiao Tong University
1006,2012159997,Zhiyuan Ji,Male,Fudan University
1007,2012160177,Xiangxue Qiu,Male,Fudan University
1008,2012160224,Ling Qiu,Female,Shanghai Jiao Tong University
1009,2012160647,Hongting Lin,Female,Fudan University
1010,2012161056,Xilan Xu,Female,Shanghai Jiao Tong University
1011,2012161078,Haoyan Wang,Female,Shanghai Jiao Tong University
1012,2012161099,Ling Zhang,Male,Shanghai Jiao Tong University
1013,2012161166,Ling Tang,Male,Shanghai Jiao Tong University
1014,2012161549,Jiang Shu,Male,Shanghai Jiao Tong University
1015,2012161615,Ruoyun Fan,Female,Fudan University
1016,2012161742,Hao Gong,Male,Fudan University
1017,2012162014,Xuan Shui,Male,Fudan University
1018,2012162095,Xiaotong Wang,Female,Shanghai Jiao Tong University
1019,2012162132,Jing Lu,Male,Shanghai Jiao Tong University
1020,2012162374,Shuyun Liu,Female,Fudan University
1021,2012162488,Jingru Yan,Female,Shanghai Jiao Tong University
1022,2012162506,Yifang Zhao,Male,Shanghai Jiao Tong University
1023,2012162727,Yueping Peng,Female,Fudan University
1024,2012162884,Guanying Jiang,Female,Fudan University
1025,2012162926,Yun Luo,Male,Shanghai Jiao Tong University
1026,2012163189,Xiaoyan Yan,Male,Fudan University
1027,2012163379,Yuxuan Pan,Male,Fudan University
1028,2012163407,Jiaxuan Yi,Male,Shanghai Jiao Tong University
1029,2012163492,Lingli Gao,Female,Fudan University
1030,2012163624,Yun Yuan,Male,Shanghai Jiao Tong University
1031,2012163669,Fangbo Lyu,Female,Fudan University
1032,2012163710,Miaoqing Ji,Male,Shanghai Jiao Tong University
1033,2012163711,Yunxuan Cao,Male,Shanghai Jiao Tong University
1034,2012163815,Yifang Liu,Male,Fudan University
1035,2012163836,Jianhua Zhuang,Male,Fudan University
1036,2012164248,Jianyue Zhou,Female,Shanghai Jiao Tong University
1037,2012164531,Jianhua Wu,Male,Shanghai Jiao Tong University
1038,2012164560,Ling Mu,Male,Shanghai Jiao Tong University
1039,2012164829,Hongting Mo,Female,Shanghai Jiao Tong University
1040,2012164840,Jiang Huang,Male,Fudan University
1041,2012164866,Yuxi Huang,Male,Fudan University
1042,2012164869,Yun Chen,Male,Shanghai Jiao Tong University
1043,2012164906,Qing Wu,Male,Fudan University
1044,2012164955,Yunyin Xia,Female,Shanghai Jiao Tong University
1045,2012165071,Ling Ge,Male,Shanghai Jiao Tong University
1046,2012165209,Ling Peng,Male,Shanghai Jiao Tong University
1047,2012165714,Yuyan Zou,Female,Fudan University
1048,2012165815,Luoyan Lin,Female,Shanghai Jiao Tong University
1049,2012165834,Jing Zhuang,Male,Fudan University
1050,2012165845,Ling Ji,Male,Fudan University
1051,2012166456,Yun Shen,Male,Shanghai Jiao Tong University
1052,2012166491,Wuying Ji,Male,Shanghai Jiao Tong University
1053,2012166676,Ling Lin,Male,Fudan University
1054,2012167211,Baixuan Lin,Female,Fudan University
1055,2012167311,Manying Wu,Female,Shanghai Jiao Tong University
1056,2012167391,Shu Peng,Male,Shanghai Jiao Tong University
1057,2012167395,Shu Liu,Male,Fudan University
1058,2012167476,Xuan Guan,Male,Fudan University
1059,2012167543,Ling Zhuo,Male,Shanghai Jiao Tong University
1060,2012167563,Yuxi Mo,Male,Fudan University
1061,2012167659,Yining Zhou,Female,Fudan University
1062,2012167686,Jiang Guan,Male,Fudan University
1063,2012167797,Qingji Zhou,Female,Fudan University
1064,2012167929,Weina Wu,Female,Shanghai Jiao Tong University
1065,2012167971,Yuxi Yu,Male,Shanghai Jiao Tong University
1066,2012168000,Ying Shen,Female,Fudan University
1067,2012168086,Ling Yan,Male,Shanghai Jiao Tong University
1068,2012168311,Yuan Zhuang,Male,Fudan University
1069,2012168338,Ling Xu,Male,Fudan University
1070,2012168387,Bianheng Shen,Male,Shanghai Jiao Tong University
1071,2012168511,Bing Ji,Male,Fudan University
1072,2012168876,Ling Han,Male,Fudan University
1073,2012169243,Xuan Gao,Male,Fudan University
1074,2012169248,Zihao Tian,Male,Shanghai Jiao Tong University
1075,2012169267,Zhuoying Xu,Female,Shanghai Jiao Tong University
1076,2012169299,Liu Wang,Male,Shanghai Jiao Tong University
1077,2012169434,Mei Guan,Male,Fudan University
1078,2012169551,Luocheng Shui,Male,Shanghai Jiao Tong University
1079,2012169561,Xiaotong Liu,Female,Shanghai Jiao Tong University
1080,2012169632,Xuezheng Li,Female,Fudan University
1081,2012169635,Qingmiao Shu,Female,Fudan University
1082,2012169720,Yuxi Xu,Male,Fudan University
1083,2012169734,Jing Zhu,Male,Shanghai Jiao Tong University
1084,2012169995,Huiying Wei,Female,Shanghai Jiao Tong University
1085,2012170075,Miaoqian Tang,Female,Fudan University
1086,2012170572,Zhanfang Liu,Female,Fudan University
1087,2012170988,Ling Xu,Male,Shanghai Jiao Tong University
1088,2012170989,Kaili Qin,Female,Fudan University
1089,2012171078,Lingli Luo,Female,Fudan University
1090,2012171255,Zhanfang Zhuang,Female,Fudan University
1091,2012171346,Lingyu Tang,Male,Shanghai Jiao Tong University
1092,2012171893,Ling Lu,Male,Shanghai Jiao Tong University
1093,2012172083,Yuyue Guo,Female,Fudan University
1094,2012172119,Qin Zou,Male,Fudan University
1095,2012172281,Qiuqiao Gao,Female,Shanghai Jiao Tong University
